{
	"credit": "Made with Blockbench",
	"textures": {
		"0": "block/grey_wall",
		"1": "block/quartz_bricks",
		"3": "block/light_gray_concrete",
		"particle": "block/grey_wall"
	},
	"elements": [
		{
			"from": [3, 9, 0],
			"to": [11, 16, 4],
			"rotation": {"angle": 0, "axis": "y", "origin": [0, 0, 32]},
			"faces": {
				"north": {"uv": [5, 0, 13, 7], "texture": "#0"},
				"east": {"uv": [4, 0, 0, 7], "texture": "#0"},
				"south": {"uv": [3, 0, 11, 7], "texture": "#3"},
				"west": {"uv": [0, 0, 4, 7], "texture": "#0"},
				"up": {"uv": [11, 4, 3, 0], "rotation": 180, "texture": "#1"},
				"down": {"uv": [0, 8, 4, 16], "rotation": 90, "texture": "#1"}
			}
		},
		{
			"from": [11, 9, 0],
			"to": [13, 16, 3],
			"rotation": {"angle": 0, "axis": "y", "origin": [0, 0, 32]},
			"faces": {
				"north": {"uv": [3, 0, 5, 7], "texture": "#0"},
				"east": {"uv": [13, 0, 16, 7], "texture": "#0"},
				"south": {"uv": [0, 11, 8, 4], "texture": "#0"},
				"west": {"uv": [0, 0, 4, 7], "texture": "#0"},
				"up": {"uv": [13, 3, 11, 0], "rotation": 180, "texture": "#1"},
				"down": {"uv": [0, 8, 4, 16], "rotation": 90, "texture": "#1"}
			}
		},
		{
			"from": [11, 9, 3],
			"to": [16, 16, 13],
			"rotation": {"angle": 0, "axis": "y", "origin": [16, 0, 16]},
			"faces": {
				"north": {"uv": [0, 0, 5, 7], "texture": "#0"},
				"east": {"uv": [3, 0, 13, 7], "texture": "#0"},
				"south": {"uv": [11, 0, 16, 7], "texture": "#0"},
				"west": {"uv": [3, 0, 13, 7], "texture": "#3"},
				"up": {"uv": [16, 13, 11, 3], "rotation": 180, "texture": "#1"},
				"down": {"uv": [5, 16, 0, 8], "texture": "#1"}
			}
		},
		{
			"from": [0, 9, 11],
			"to": [4, 16, 16],
			"rotation": {"angle": 0, "axis": "y", "origin": [16, 0, 16]},
			"faces": {
				"north": {"uv": [4, 0, 0, 7], "texture": "#0"},
				"east": {"uv": [11, 0, 16, 7], "texture": "#0"},
				"south": {"uv": [0, 0, 4, 7], "texture": "#0"},
				"west": {"uv": [11, 0, 16, 7], "texture": "#0"},
				"up": {"uv": [4, 16, 0, 11], "rotation": 180, "texture": "#1"},
				"down": {"uv": [4, 16, 0, 8], "texture": "#1"}
			}
		},
		{
			"from": [0, 0, 9],
			"to": [7, 9, 16],
			"rotation": {"angle": 0, "axis": "y", "origin": [16, 0, 16]},
			"faces": {
				"north": {"uv": [9, 7, 16, 16], "texture": "#0"},
				"east": {"uv": [0, 7, 7, 16], "texture": "#0"},
				"south": {"uv": [0, 7, 7, 16], "texture": "#0"},
				"west": {"uv": [9, 7, 16, 16], "texture": "#0"},
				"up": {"uv": [7, 16, 0, 9], "rotation": 180, "texture": "#1"},
				"down": {"uv": [0, 9, 7, 16], "rotation": 90, "texture": "#1"}
			}
		},
		{
			"from": [7, 0, 3],
			"to": [16, 9, 13],
			"rotation": {"angle": 0, "axis": "y", "origin": [16, 0, 16]},
			"faces": {
				"north": {"uv": [0, 7, 9, 16], "texture": "#0"},
				"east": {"uv": [3, 7, 13, 16], "texture": "#0"},
				"south": {"uv": [7, 7, 16, 16], "texture": "#0"},
				"west": {"uv": [0, 0, 10, 9], "texture": "#0"},
				"up": {"uv": [15, 13, 6, 3], "rotation": 180, "texture": "#1"},
				"down": {"uv": [3, 0, 13, 9], "rotation": 90, "texture": "#1"}
			}
		},
		{
			"from": [3, 0, 0],
			"to": [13, 9, 3],
			"rotation": {"angle": 0, "axis": "y", "origin": [16, 0, 16]},
			"faces": {
				"north": {"uv": [3, 7, 13, 16], "texture": "#0"},
				"east": {"uv": [13, 7, 16, 16], "texture": "#0"},
				"south": {"uv": [3, 7, 13, 16], "texture": "#0"},
				"west": {"uv": [0, 7, 3, 16], "texture": "#0"},
				"up": {"uv": [13, 3, 16, 13], "rotation": 270, "texture": "#1"},
				"down": {"uv": [13, 3, 16, 13], "rotation": 90, "texture": "#1"}
			}
		},
		{
			"from": [3, 0, 3],
			"to": [7, 9, 9],
			"rotation": {"angle": 0, "axis": "y", "origin": [16, 0, 16]},
			"faces": {
				"north": {"uv": [0, 0, 4, 9], "texture": "#0"},
				"east": {"uv": [7, 7, 13, 16], "texture": "#0"},
				"south": {"uv": [3, 7, 7, 16], "texture": "#0"},
				"west": {"uv": [3, 7, 9, 16], "texture": "#0"},
				"up": {"uv": [7, 9, 3, 3], "rotation": 180, "texture": "#1"},
				"down": {"uv": [7, 9, 13, 13], "rotation": 90, "texture": "#1"}
			}
		}
	]
}