{
	"credit": "Made with Blockbench",
	"textures": {
		"1": "block/prismarine_bricks",
		"particle": "block/prismarine_wall"
	},
	"elements": [
		{
			"from": [0, 0, 3],
			"to": [16, 16, 13],
			"faces": {
				"north": {"uv": [0, 0, 16, 16], "texture": "#1"},
				"east": {"uv": [3, 0, 13, 16], "texture": "#1"},
				"south": {"uv": [0, 0, 16, 16], "texture": "#1"},
				"west": {"uv": [3, 0, 13, 16], "texture": "#1"},
				"up": {"uv": [0, 3, 16, 13], "texture": "#1"},
				"down": {"uv": [3, 0, 13, 16], "rotation": 270, "texture": "#1"}
			}
		}
	]
}