{
	"credit": "Made with Blockbench",
	"textures": {
		"1": "block/prismarine_bricks",
		"particle": "block/prismarine_wall"
	},
	"elements": [
		{
			"from": [0, 0, 9],
			"to": [7, 16, 16],
			"rotation": {"angle": 0, "axis": "y", "origin": [16, 0, 16]},
			"faces": {
				"north": {"uv": [4, 0, 0, 16], "texture": "#1"},
				"east": {"uv": [0, 0, 7, 16], "texture": "#1"},
				"south": {"uv": [0, 0, 7, 16], "texture": "#1"},
				"west": {"uv": [9, 0, 16, 16], "texture": "#1"},
				"up": {"uv": [7, 16, 0, 9], "rotation": 180, "texture": "#1"},
				"down": {"uv": [0, 9, 7, 16], "rotation": 90, "texture": "#1"}
			}
		},
		{
			"from": [7, 0, 3],
			"to": [16, 16, 13],
			"rotation": {"angle": 0, "axis": "y", "origin": [16, 0, 16]},
			"faces": {
				"north": {"uv": [0, 0, 9, 16], "texture": "#1"},
				"east": {"uv": [3, 0, 13, 16], "texture": "#1"},
				"south": {"uv": [7, 0, 16, 16], "texture": "#1"},
				"west": {"uv": [0, 0, 10, 16], "texture": "#1"},
				"up": {"uv": [15, 13, 6, 3], "rotation": 180, "texture": "#1"},
				"down": {"uv": [3, 0, 13, 9], "rotation": 90, "texture": "#1"}
			}
		},
		{
			"from": [3, 0, 0],
			"to": [13, 16, 3],
			"rotation": {"angle": 0, "axis": "y", "origin": [16, 0, 16]},
			"faces": {
				"north": {"uv": [3, 0, 13, 16], "texture": "#1"},
				"east": {"uv": [13, 0, 16, 16], "texture": "#1"},
				"south": {"uv": [3, 0, 13, 16], "texture": "#1"},
				"west": {"uv": [0, 0, 3, 16], "texture": "#1"},
				"up": {"uv": [13, 3, 16, 13], "rotation": 270, "texture": "#1"},
				"down": {"uv": [13, 3, 16, 13], "rotation": 90, "texture": "#1"}
			}
		},
		{
			"from": [3, 0, 3],
			"to": [7, 16, 9],
			"rotation": {"angle": 0, "axis": "y", "origin": [16, 0, 16]},
			"faces": {
				"north": {"uv": [0, 0, 4, 16], "texture": "#1"},
				"east": {"uv": [7, 0, 13, 16], "texture": "#1"},
				"south": {"uv": [3, 0, 7, 16], "texture": "#1"},
				"west": {"uv": [3, 0, 9, 16], "texture": "#1"},
				"up": {"uv": [7, 9, 3, 3], "rotation": 180, "texture": "#1"},
				"down": {"uv": [7, 9, 13, 13], "rotation": 90, "texture": "#1"}
			}
		}
	]
}