{
  "variants": {
    "": [{
      "model": "minecraft:block/budding_amethyst"
    },
	{
      "model": "minecraft:block/budding_amethyst"
    },
	{
      "model": "minecraft:block/budding_amethyst"
    },
	{
      "model": "minecraft:block/budding_amethyst"
    },
	{
      "model": "minecraft:block/budding_amethyst"
    },
	{
      "model": "minecraft:block/budding_amethyst"
    },
	{
      "model": "minecraft:block/budding_amethyst"
    },
	{
      "model": "minecraft:block/budding_amethyst_shine"
    }]
  }
}