{
    "variants": {
        "facing=north": [{ "model": "block/carved_pumpkin" },{ "model": "block/carved_pumpkin" },{ "model": "block/carved_pumpkin" }, { "model": "block/carved_pumpkin_mario" }, { "model": "block/carved_pumpkin_luigi" }, { "model": "block/carved_pumpkin_peach" }, { "model": "block/carved_pumpkin_toad" }, { "model": "block/carved_pumpkin_yoshi" }, { "model": "block/carved_pumpkin_bowser" } ],
        "facing=south": [{ "model": "block/carved_pumpkin", "y": 180 },{ "model": "block/carved_pumpkin", "y": 180 },{ "model": "block/carved_pumpkin", "y": 180 },{ "model": "block/carved_pumpkin_mario", "y": 180 },{ "model": "block/carved_pumpkin_luigi", "y": 180 },{ "model": "block/carved_pumpkin_peach", "y": 180 },{ "model": "block/carved_pumpkin_toad", "y": 180 },{ "model": "block/carved_pumpkin_yoshi", "y": 180 },{ "model": "block/carved_pumpkin_bowser", "y": 180 }],
        "facing=west":  [{ "model": "block/carved_pumpkin", "y": 270 },{ "model": "block/carved_pumpkin", "y": 270 },{ "model": "block/carved_pumpkin", "y": 270 },{ "model": "block/carved_pumpkin_mario", "y": 270 },{ "model": "block/carved_pumpkin_luigi", "y": 270 },{ "model": "block/carved_pumpkin_peach", "y": 270 },{ "model": "block/carved_pumpkin_toad", "y": 270 },{ "model": "block/carved_pumpkin_yoshi", "y": 270 },{ "model": "block/carved_pumpkin_bowser", "y": 270 }],
        "facing=east":  [{ "model": "block/carved_pumpkin", "y": 90 },{ "model": "block/carved_pumpkin", "y": 90 },{ "model": "block/carved_pumpkin", "y": 90 },{ "model": "block/carved_pumpkin_mario", "y": 90 },{ "model": "block/carved_pumpkin_luigi", "y": 90 },{ "model": "block/carved_pumpkin_peach", "y": 90 },{ "model": "block/carved_pumpkin_toad", "y": 90 },{ "model": "block/carved_pumpkin_yoshi", "y": 90 },{ "model": "block/carved_pumpkin_bowser", "y": 90 }]
    }
}
