{
    "variants": {
        "facing=north": [{ "model": "block/jack_o_lantern" },{ "model": "block/jack_o_lantern" },{ "model": "block/jack_o_lantern" }, { "model": "block/jack_o_lantern_mario" }, { "model": "block/jack_o_lantern_luigi" }, { "model": "block/jack_o_lantern_peach" }, { "model": "block/jack_o_lantern_toad" }, { "model": "block/jack_o_lantern_yoshi" }, { "model": "block/jack_o_lantern_bowser" } ],
        "facing=south": [{ "model": "block/jack_o_lantern", "y": 180 },{ "model": "block/jack_o_lantern", "y": 180 },{ "model": "block/jack_o_lantern", "y": 180 },{ "model": "block/jack_o_lantern_mario", "y": 180 },{ "model": "block/jack_o_lantern_luigi", "y": 180 },{ "model": "block/jack_o_lantern_peach", "y": 180 },{ "model": "block/jack_o_lantern_toad", "y": 180 },{ "model": "block/jack_o_lantern_yoshi", "y": 180 },{ "model": "block/jack_o_lantern_bowser", "y": 180 }],
        "facing=west":  [{ "model": "block/jack_o_lantern", "y": 270 },{ "model": "block/jack_o_lantern", "y": 270 },{ "model": "block/jack_o_lantern", "y": 270 },{ "model": "block/jack_o_lantern_mario", "y": 270 },{ "model": "block/jack_o_lantern_luigi", "y": 270 },{ "model": "block/jack_o_lantern_peach", "y": 270 },{ "model": "block/jack_o_lantern_toad", "y": 270 },{ "model": "block/jack_o_lantern_yoshi", "y": 270 },{ "model": "block/jack_o_lantern_bowser", "y": 270 }],
        "facing=east":  [{ "model": "block/jack_o_lantern", "y": 90 },{ "model": "block/jack_o_lantern", "y": 90 },{ "model": "block/jack_o_lantern", "y": 90 },{ "model": "block/jack_o_lantern_mario", "y": 90 },{ "model": "block/jack_o_lantern_luigi", "y": 90 },{ "model": "block/jack_o_lantern_peach", "y": 90 },{ "model": "block/jack_o_lantern_toad", "y": 90 },{ "model": "block/jack_o_lantern_yoshi", "y": 90 },{ "model": "block/jack_o_lantern_bowser", "y": 90 }]
    }
}
