{
  "variants": {
    "age=0": {
      "model": "minecraft:block/twisting_vines_head"
    },
    "age=1": {
      "model": "minecraft:block/twisting_vines_head"
    },
    "age=2": {
      "model": "minecraft:block/twisting_vines_head"
    },
    "age=3": {
      "model": "minecraft:block/twisting_vines_head"
    },
    "age=4": {
      "model": "minecraft:block/twisting_vines_head"
    },
    "age=5": {
      "model": "minecraft:block/twisting_vines_head"
    },
    "age=6": {
      "model": "minecraft:block/twisting_vines_head"
    },
    "age=7": {
      "model": "minecraft:block/twisting_vines_head"
    },
    "age=8": {
      "model": "minecraft:block/twisting_vines_head"
    },
    "age=9": {
      "model": "minecraft:block/twisting_vines_head"
    },
    "age=10": {
      "model": "minecraft:block/twisting_vines_head"
    },
    "age=11": {
      "model": "minecraft:block/twisting_vines_head"
    },
    "age=12": {
      "model": "minecraft:block/twisting_vines_head"
    },
    "age=13": {
      "model": "minecraft:block/twisting_vines_head"
    },
    "age=14": {
      "model": "minecraft:block/twisting_vines_head"
    },
    "age=15": {
      "model": "minecraft:block/twisting_vines_head"
    },
    "age=16": {
      "model": "minecraft:block/twisting_vines_head"
    },
    "age=17": {
      "model": "minecraft:block/twisting_vines_head"
    },
    "age=18": {
      "model": "minecraft:block/twisting_vines_head"
    },
    "age=19": {
      "model": "minecraft:block/twisting_vines_head"
    },
    "age=20": {
      "model": "minecraft:block/twisting_vines_head"
    },
    "age=21": {
      "model": "minecraft:block/twisting_vines_head"
    },
    "age=22": {
      "model": "minecraft:block/twisting_vines_head"
    },
    "age=23": {
      "model": "minecraft:block/twisting_vines_head"
    },
    "age=24": {
      "model": "minecraft:block/twisting_vines_head"
    },
    "age=25": {
      "model": "minecraft:block/twisting_vines"
    }
  }
}