{
	"credit": "Made with Blockbench",
	"textures": {
		"0": "block/brick_wall",
		"1": "block/bricks",
		"3": "block/brown_concrete",
		"particle": "block/brick_wall"
	},
	"elements": [
		{
			"from": [0, 9, 5],
			"to": [4, 16, 13],
			"rotation": {"angle": 0, "axis": "y", "origin": [32, 0, 16]},
			"faces": {
				"north": {"uv": [4, 0, 0, 7], "texture": "#0"},
				"east": {"uv": [3, 0, 11, 7], "texture": "#3"},
				"south": {"uv": [0, 0, 4, 7], "texture": "#0"},
				"west": {"uv": [5, 0, 13, 7], "texture": "#0"},
				"up": {"uv": [0, 5, 4, 13], "texture": "#1"},
				"down": {"uv": [0, 8, 4, 16], "rotation": 180, "texture": "#1"}
			}
		},
		{
			"from": [0, 9, 3],
			"to": [3, 16, 5],
			"rotation": {"angle": 0, "axis": "y", "origin": [32, 0, 16]},
			"faces": {
				"north": {"uv": [13, 0, 16, 7], "texture": "#0"},
				"east": {"uv": [0, 11, 8, 4], "texture": "#0"},
				"south": {"uv": [0, 0, 4, 7], "texture": "#0"},
				"west": {"uv": [3, 0, 5, 7], "texture": "#0"},
				"up": {"uv": [0, 3, 3, 5], "texture": "#1"},
				"down": {"uv": [0, 8, 4, 16], "rotation": 180, "texture": "#1"}
			}
		},
		{
			"from": [3, 9, 0],
			"to": [13, 16, 5],
			"rotation": {"angle": 0, "axis": "y", "origin": [16, 0, 0]},
			"faces": {
				"north": {"uv": [3, 0, 13, 7], "texture": "#0"},
				"east": {"uv": [11, 0, 16, 7], "texture": "#0"},
				"south": {"uv": [3, 0, 13, 7], "texture": "#0"},
				"west": {"uv": [0, 0, 5, 7], "texture": "#0"},
				"up": {"uv": [3, 0, 13, 5], "texture": "#1"},
				"down": {"uv": [5, 16, 0, 8], "rotation": 90, "texture": "#1"}
			}
		},
		{
			"from": [11, 9, 12],
			"to": [16, 16, 16],
			"rotation": {"angle": 0, "axis": "y", "origin": [16, 0, 0]},
			"faces": {
				"north": {"uv": [11, 0, 16, 7], "texture": "#0"},
				"east": {"uv": [0, 0, 4, 7], "texture": "#0"},
				"south": {"uv": [11, 0, 16, 7], "texture": "#0"},
				"west": {"uv": [4, 0, 0, 7], "texture": "#0"},
				"up": {"uv": [11, 12, 16, 16], "texture": "#1"},
				"down": {"uv": [4, 16, 0, 8], "rotation": 90, "texture": "#1"}
			}
		},
		{
			"from": [9, 0, 9],
			"to": [16, 9, 16],
			"rotation": {"angle": 0, "axis": "y", "origin": [16, 0, 0]},
			"faces": {
				"north": {"uv": [0, 7, 7, 16], "texture": "#0"},
				"east": {"uv": [0, 7, 7, 16], "texture": "#0"},
				"south": {"uv": [9, 7, 16, 16], "texture": "#0"},
				"west": {"uv": [9, 7, 16, 16], "texture": "#0"},
				"up": {"uv": [9, 9, 16, 16], "texture": "#1"},
				"down": {"uv": [0, 9, 7, 16], "rotation": 180, "texture": "#1"}
			}
		},
		{
			"from": [3, 0, 0],
			"to": [13, 9, 9],
			"rotation": {"angle": 0, "axis": "y", "origin": [16, 0, 0]},
			"faces": {
				"north": {"uv": [3, 7, 13, 16], "texture": "#0"},
				"east": {"uv": [7, 7, 16, 16], "texture": "#0"},
				"south": {"uv": [0, 0, 10, 9], "texture": "#0"},
				"west": {"uv": [0, 7, 9, 16], "texture": "#0"},
				"up": {"uv": [3, 0, 13, 9], "texture": "#1"},
				"down": {"uv": [3, 0, 13, 9], "rotation": 180, "texture": "#1"}
			}
		},
		{
			"from": [0, 0, 3],
			"to": [3, 9, 13],
			"rotation": {"angle": 0, "axis": "y", "origin": [16, 0, 0]},
			"faces": {
				"north": {"uv": [13, 7, 16, 16], "texture": "#0"},
				"east": {"uv": [3, 7, 13, 16], "texture": "#0"},
				"south": {"uv": [0, 7, 3, 16], "texture": "#0"},
				"west": {"uv": [3, 7, 13, 16], "texture": "#0"},
				"up": {"uv": [0, 3, 3, 13], "texture": "#1"},
				"down": {"uv": [13, 3, 16, 13], "rotation": 180, "texture": "#1"}
			}
		},
		{
			"from": [3, 0, 9],
			"to": [9, 9, 13],
			"rotation": {"angle": 0, "axis": "y", "origin": [16, 0, 0]},
			"faces": {
				"north": {"uv": [7, 7, 13, 16], "texture": "#0"},
				"east": {"uv": [3, 7, 7, 16], "texture": "#0"},
				"south": {"uv": [3, 7, 9, 16], "texture": "#0"},
				"west": {"uv": [0, 0, 4, 9], "texture": "#0"},
				"up": {"uv": [3, 9, 9, 13], "texture": "#1"},
				"down": {"uv": [7, 9, 13, 13], "rotation": 180, "texture": "#1"}
			}
		}
	]
}