{
	"credit": "Made with Blockbench",
	"textures": {
		"1": "block/bricks",
		"particle": "block/brick_wall"
	},
	"elements": [
		{
			"from": [0, 0, 3],
			"to": [16, 16, 13],
			"faces": {
				"north": {"uv": [0, 0, 16, 16], "texture": "#1"},
				"east": {"uv": [3, 0, 13, 16], "texture": "#1"},
				"south": {"uv": [0, 0, 16, 16], "texture": "#1"},
				"west": {"uv": [3, 0, 13, 16], "texture": "#1"},
				"up": {"uv": [0, 3, 16, 13], "texture": "#1"},
				"down": {"uv": [3, 0, 13, 16], "rotation": 270, "texture": "#1"}
			}
		},
		{
			"from": [3, 0, 13],
			"to": [13, 16, 16],
			"rotation": {"angle": 0, "axis": "y", "origin": [0, 0, 16]},
			"faces": {
				"north": {"uv": [3, 0, 13, 16], "texture": "#1"},
				"east": {"uv": [13, 0, 16, 16], "texture": "#1"},
				"south": {"uv": [3, 0, 13, 16], "texture": "#1"},
				"west": {"uv": [0, 0, 3, 16], "texture": "#1"},
				"up": {"uv": [3, 5, 13, 8], "texture": "#1"},
				"down": {"uv": [13, 3, 16, 13], "rotation": 270, "texture": "#1"}
			}
		}
	]
}