{
	"credit": "Made with Blockbench",
	"textures": {
		"0": "block/brick_wall",
		"1": "block/bricks",
		"2": "block/brick_wall_2",
		"particle": "block/brick_wall"
	},
	"elements": [
		{
			"from": [3, 0, 0],
			"to": [13, 9, 16],
			"rotation": {"angle": 0, "axis": "y", "origin": [0, 0, 16]},
			"faces": {
				"north": {"uv": [13, 7, 3, 16], "texture": "#1"},
				"east": {"uv": [16, 7, 0, 16], "texture": "#2"},
				"south": {"uv": [13, 7, 3, 16], "texture": "#1"},
				"west": {"uv": [0, 7, 16, 16], "texture": "#0"},
				"up": {"uv": [3, 16, 13, 0], "rotation": 180, "texture": "#1"},
				"down": {"uv": [3, 16, 13, 0], "texture": "#1"}
			}
		},
		{
			"from": [3, 9, 11],
			"to": [13, 16, 16],
			"rotation": {"angle": 0, "axis": "y", "origin": [0, 0, 16]},
			"faces": {
				"north": {"uv": [13, 0, 3, 7], "texture": "#1"},
				"east": {"uv": [16, 0, 11, 7], "texture": "#2"},
				"south": {"uv": [13, 0, 3, 7], "texture": "#1"},
				"west": {"uv": [11, 0, 16, 7], "texture": "#0"},
				"up": {"uv": [3, 16, 13, 11], "rotation": 180, "texture": "#1"},
				"down": {"uv": [5, 8, 0, 16], "rotation": 270, "texture": "#0"}
			}
		},
		{
			"from": [0, 0, 3],
			"to": [3, 9, 13],
			"rotation": {"angle": 0, "axis": "y", "origin": [3, 0, 16]},
			"faces": {
				"north": {"uv": [13, 7, 16, 16], "texture": "#0"},
				"east": {"uv": [3, 7, 13, 16], "texture": "#1"},
				"south": {"uv": [0, 7, 3, 16], "texture": "#0"},
				"west": {"uv": [3, 7, 13, 16], "texture": "#1"},
				"up": {"uv": [0, 3, 16, 13], "rotation": 180, "texture": "#1"},
				"down": {"uv": [0, 2, 3, 12], "texture": "#1"}
			}
		},
		{
			"from": [0, 9, 3],
			"to": [3, 16, 13],
			"rotation": {"angle": 0, "axis": "y", "origin": [3, 0, 16]},
			"faces": {
				"north": {"uv": [13, 0, 16, 7], "texture": "#0"},
				"east": {"uv": [3, 0, 13, 7], "texture": "#1"},
				"south": {"uv": [0, 0, 3, 7], "texture": "#0"},
				"west": {"uv": [3, 0, 13, 7], "texture": "#1"},
				"up": {"uv": [0, 3, 3, 13], "texture": "#1"},
				"down": {"uv": [0, 8, 4, 16], "texture": "#1"}
			}
		},
		{
			"from": [3, 9, 0],
			"to": [13, 16, 4],
			"rotation": {"angle": 0, "axis": "y", "origin": [0, 0, 16]},
			"faces": {
				"north": {"uv": [13, 0, 3, 7], "texture": "#1"},
				"east": {"uv": [4, 0, 0, 7], "texture": "#2"},
				"south": {"uv": [13, 0, 3, 7], "texture": "#1"},
				"west": {"uv": [0, 0, 4, 7], "texture": "#0"},
				"up": {"uv": [3, 4, 13, 0], "rotation": 180, "texture": "#1"},
				"down": {"uv": [4, 8, 0, 16], "rotation": 270, "texture": "#0"}
			}
		}
	]
}