{	
	"shoutout_to_yiey20": "for_helping_me_with_this!",
    "parent": "block/cube",
    "textures": {
        "particle": "minecraft:block/green_concrete",
		"p1": "minecraft:block/big_block_3_green",
		"p2": "minecraft:block/big_block_2_green",
		"p3": "minecraft:block/big_block_1_green",
		"p4": "minecraft:block/big_block_4_green",
		"p5": "minecraft:block/big_block_top_green"

    },
    "display": {
        "firstperson_righthand": {
            "rotation": [ 0, 135, 0 ],
            "translation": [ 0, 0, 0 ],
            "scale": [ 0.40, 0.40, 0.40 ]
        }
    },
    "elements": [
        {   "from": [ 0, 0, 0 ],
            "to": [ 16, 16, 16 ],
            "faces": {
                "down":  { "uv": [ 0,  0, 16, 16 ], "texture": "#p5", "cullface": "down"},
                "up":    { "uv": [ 0,  0, 16, 16 ], "texture": "#p5", "cullface": "up", "rotation":270  },
                "north": { "uv": [ 0,  0, 16, 16 ], "texture": "#p2", "cullface": "north"},
                "south": { "uv": [ 0,  0, 16, 16 ], "texture": "#p4", "cullface": "south"},
                "west":  { "uv": [ 0,  0, 16, 16 ], "texture": "#p3", "cullface": "west"},
                "east":  { "uv": [ 0,  0, 16, 16 ], "texture": "#p1", "cullface": "east"}
            }
        }
    ]
}


