{
	"credit": "Made with Blockbench",
	"parent": "block/block",
	"textures": {
		"3": "block/chipped_anvil_top",
		"particle": "block/anvil",
		"body": "block/anvil",
		"side": "block/anvil2",
		"top": "block/anvil3"
	},
	"elements": [
		{
			"name": "Anvil base",
			"from": [2, 0, 2],
			"to": [14, 4, 14],
			"faces": {
				"north": {"uv": [2, 12, 14, 16], "texture": "#side"},
				"east": {"uv": [2, 16, 14, 12], "rotation": 180, "texture": "#body"},
				"south": {"uv": [2, 12, 14, 16], "texture": "#side"},
				"west": {"uv": [2, 12, 14, 16], "texture": "#body"},
				"up": {"uv": [7, 8, 9, 9], "rotation": 180, "texture": "#body"},
				"down": {"uv": [7, 10, 9, 11], "rotation": 180, "texture": "#body", "cullface": "down"}
			}
		},
		{
			"name": "Lower narrow portion",
			"from": [4, 4, 3],
			"to": [12, 5, 13],
			"faces": {
				"north": {"uv": [4, 11, 12, 12], "texture": "#body"},
				"east": {"uv": [3, 12, 13, 11], "rotation": 180, "texture": "#body"},
				"south": {"uv": [4, 11, 12, 12], "texture": "#body"},
				"west": {"uv": [3, 11, 13, 12], "texture": "#body"},
				"up": {"uv": [1, 1, 2, 2], "rotation": 180, "texture": "#body"}
			}
		},
		{
			"name": "Wider section beneath top portion",
			"from": [6, 5, 4],
			"to": [10, 10, 12],
			"faces": {
				"north": {"uv": [6, 6, 10, 11], "texture": "#top"},
				"east": {"uv": [4, 11, 12, 6], "rotation": 180, "texture": "#body"},
				"south": {"uv": [6, 6, 10, 11], "texture": "#top"},
				"west": {"uv": [4, 6, 12, 11], "texture": "#body"}
			}
		},
		{
			"name": "Anvil top",
			"from": [3, 10, 0],
			"to": [13, 16, 16],
			"faces": {
				"north": {"uv": [3, 0, 13, 6], "texture": "#side"},
				"east": {"uv": [0, 6, 16, 0], "rotation": 180, "texture": "#body"},
				"south": {"uv": [3, 0, 13, 6], "texture": "#top"},
				"west": {"uv": [0, 0, 16, 6], "texture": "#body"},
				"up": {"uv": [3, 0, 13, 16], "rotation": 180, "texture": "#3"},
				"down": {"uv": [3, 0, 13, 16], "rotation": 180, "texture": "#3"}
			}
		}
	],
	"display": {
		"fixed": {
			"rotation": [0, 90, 0],
			"scale": [0.5, 0.5, 0.5]
		}
	}
}