{
	"credit": "Made with Blockbench",
	"textures": {
		"0": "block/dead_tube_coral_fan",
		"particle": "block/dead_tube_coral_fan"
	},
	"elements": [
		{
			"from": [0, 8, 16],
			"to": [16, 24, 16],
			"faces": {
				"north": {"uv": [0, 0, 16, 16], "texture": "#0"},
				"east": {"uv": [15, 15, 16, 16], "texture": "#0"},
				"south": {"uv": [0, 0, 16, 16], "texture": "#0"},
				"west": {"uv": [15, 15, 16, 16], "texture": "#0"},
				"up": {"uv": [15, 15, 16, 16], "texture": "#0"},
				"down": {"uv": [15, 15, 16, 16], "texture": "#0"}
			}
		}
	],
	"display": {}
}