{
	"credit": "Made with Blockbench",
	"ambientocclusion": false,
	"textures": {
		"particle": "minecraft:block/dead_bubble_coral_bush",
		"bush": "minecraft:block/dead_bubble_coral_bush"
	},
	"elements": [
		{
			"from": [-6.4, -16, 8],
			"to": [22.4, 16, 8],
			"shade": false,
			"rotation": {"angle": 45, "axis": "y", "origin": [8, 16, 8], "rescale": true},
			"faces": {
				"north": {"uv": [0, 0, 16, 16], "texture": "bush"},
				"east": {"uv": [0, 0, 0, 0], "texture": "bush"},
				"south": {"uv": [0, 0, 16, 16], "texture": "bush"},
				"west": {"uv": [0, 0, 0, 0], "texture": "bush"},
				"up": {"uv": [0, 0, 0, 0], "texture": "bush"},
				"down": {"uv": [0, 0, 0, 0], "texture": "bush"}
			}
		},
		{
			"from": [8, -16, -6.4],
			"to": [8, 16, 22.4],
			"shade": false,
			"rotation": {"angle": 45, "axis": "y", "origin": [8, 16, 8], "rescale": true},
			"faces": {
				"north": {"uv": [0, 0, 0, 0], "texture": "bush"},
				"east": {"uv": [0, 0, 16, 16], "texture": "bush"},
				"south": {"uv": [0, 0, 0, 0], "texture": "bush"},
				"west": {"uv": [0, 0, 16, 16], "texture": "bush"},
				"up": {"uv": [0, 0, 0, 0], "texture": "bush"},
				"down": {"uv": [0, 0, 0, 0], "texture": "bush"}
			}
		}
	]
}