{	
	"shoutout_to_yiey20": "for_helping_me_with_this!",
    "parent": "block/cube",
    "textures": {
        "particle": "minecraft:block/black_concrete",
		"hole": "minecraft:block/dropper_front",
		"hinge": "minecraft:block/dropper_side",
		"pipe": "minecraft:block/dropper_side_nohinge",
		"back": "minecraft:block/dropper_top"

    },
    "display": {
        "firstperson_righthand": {
            "rotation": [ 0, 135, 0 ],
            "translation": [ 0, 0, 0 ],
            "scale": [ 0.40, 0.40, 0.40 ]
        }
    },
    "elements": [
        {   "from": [ 0, 0, 0 ],
            "to": [ 16, 16, 16 ],
            "faces": {
                "down":  { "uv": [ 0,  0, 16, 16 ], "texture": "#back", "cullface": "down"},
                "up":    { "uv": [ 0,  0, 16, 16 ], "texture": "#pipe", "cullface": "up"},
                "north": { "uv": [ 0,  0, 16, 16 ], "texture": "#hole", "cullface": "north"},
                "south": { "uv": [ 0,  0, 16, 16 ], "texture": "#back", "cullface": "south"},
                "west":  { "uv": [ 0,  0, 16, 16 ], "texture": "#hinge", "cullface": "west"},
                "east":  { "uv": [ 0,  0, 16, 16 ], "texture": "#hinge", "cullface": "east"}
            }
        }
    ]
}


