{
	"credit": "Made with Blockbench",
	"textures": {
		"particle": "#texture"
	},
	"elements": [
		{
			"name": "Center post",
			"from": [4, 0, 4],
			"to": [12, 16, 12],
			"faces": {
				"north": {"uv": [4, 0, 12, 16], "texture": "#texture"},
				"east": {"uv": [4, 0, 12, 16], "texture": "#texture"},
				"south": {"uv": [4, 0, 12, 16], "texture": "#texture"},
				"west": {"uv": [4, 0, 12, 16], "texture": "#texture"},
				"up": {"uv": [9, 12, 10, 13], "texture": "#texture", "cullface": "up"},
				"down": {"uv": [9, 12, 10, 13], "texture": "#texture", "cullface": "down"}
			}
		}
	]
}