{
	"credit": "Made with Blockbench",
	"textures": {
		"particle": "#texture"
	},
	"elements": [
		{
			"from": [7, 11, 0],
			"to": [9, 14, 16],
			"faces": {
				"north": {"uv": [7, 2, 9, 5], "texture": "#texture"},
				"east": {"uv": [0, 2, 16, 5], "texture": "#texture"},
				"south": {"uv": [7, 2, 9, 5], "texture": "#texture"},
				"west": {"uv": [0, 2, 16, 5], "texture": "#texture"},
				"up": {"uv": [8, 5, 9, 6], "rotation": 270, "texture": "#texture"},
				"down": {"uv": [8, 5, 9, 6], "rotation": 270, "texture": "#texture"}
			}
		},
		{
			"from": [7, 3, 0],
			"to": [9, 6, 16],
			"faces": {
				"north": {"uv": [7, 2, 9, 5], "texture": "#texture"},
				"east": {"uv": [0, 2, 16, 5], "texture": "#texture"},
				"south": {"uv": [7, 2, 9, 5], "texture": "#texture"},
				"west": {"uv": [0, 2, 16, 5], "texture": "#texture"},
				"up": {"uv": [8, 6, 9, 7], "rotation": 270, "texture": "#texture"},
				"down": {"uv": [8, 6, 9, 7], "rotation": 270, "texture": "#texture"}
			}
		}
	]
}