{
	"credit": "Made with Blockbench",
	"texture_size": [128, 128],
	"textures": {
		"0": "block/jukebox_fds",
		"particle": "block/red_concrete"
	},
	"elements": [
		{
			"name": "main",
			"from": [0, 0, 0],
			"to": [16, 16, 16],
			"faces": {
				"north": {"uv": [2, 2, 4, 4], "texture": "#0"},
				"east": {"uv": [0, 2, 2, 4], "texture": "#0"},
				"south": {"uv": [6, 2, 8, 4], "texture": "#0"},
				"west": {"uv": [4, 2, 6, 4], "texture": "#0"},
				"up": {"uv": [4, 2, 2, 0], "texture": "#0"},
				"down": {"uv": [6, 0, 4, 2], "texture": "#0"}
			}
		},
		{
			"name": "FMC_top",
			"from": [0, 16, 1],
			"to": [16, 17, 16],
			"faces": {
				"north": {"uv": [1.875, 5.875, 3.875, 6], "texture": "#0"},
				"east": {"uv": [0, 5.875, 1.875, 6], "texture": "#0"},
				"south": {"uv": [5.75, 5.875, 7.75, 6], "texture": "#0"},
				"west": {"uv": [3.875, 5.875, 5.75, 6], "texture": "#0"},
				"up": {"uv": [3.875, 5.875, 1.875, 4], "texture": "#0"},
				"down": {"uv": [5.875, 4, 3.875, 5.875], "texture": "#0"}
			}
		},
		{
			"name": "ram_adapter",
			"from": [3, 17, 6],
			"to": [13, 18, 16],
			"faces": {
				"north": {"uv": [7.125, 5.25, 8.375, 5.375], "texture": "#0"},
				"east": {"uv": [5.875, 5.25, 7.125, 5.375], "texture": "#0"},
				"south": {"uv": [9.625, 5.25, 10.875, 5.375], "texture": "#0"},
				"west": {"uv": [8.375, 5.25, 9.625, 5.375], "texture": "#0"},
				"up": {"uv": [8.375, 5.25, 7.125, 4], "texture": "#0"},
				"down": {"uv": [9.625, 4, 8.375, 5.25], "texture": "#0"}
			}
		},
		{
			"name": "eject_lever",
			"from": [6, 17, 2],
			"to": [10, 18, 3],
			"faces": {
				"north": {"uv": [0.125, 0.125, 0.625, 0.25], "texture": "#0"},
				"east": {"uv": [0, 0.125, 0.125, 0.25], "texture": "#0"},
				"south": {"uv": [0.75, 0.125, 1.25, 0.25], "texture": "#0"},
				"west": {"uv": [0.625, 0.125, 0.75, 0.25], "texture": "#0"},
				"up": {"uv": [0.625, 0.125, 0.125, 0], "texture": "#0"},
				"down": {"uv": [1.125, 0, 0.625, 0.125], "texture": "#0"}
			}
		},
		{
			"name": "play1_cont",
			"from": [15, 17, 4],
			"to": [16, 21, 15],
			"faces": {
				"north": {"uv": [7.375, 1.375, 7.5, 1.875], "texture": "#0"},
				"east": {"uv": [6, 1.375, 7.375, 1.875], "texture": "#0"},
				"south": {"uv": [8.875, 1.375, 9, 1.875], "texture": "#0"},
				"west": {"uv": [7.5, 1.375, 8.875, 1.875], "texture": "#0"},
				"up": {"uv": [7.5, 1.375, 7.375, 0], "texture": "#0"},
				"down": {"uv": [7.625, 0, 7.5, 1.375], "texture": "#0"}
			}
		},
		{
			"name": "play2_cont",
			"from": [0, 17, 4],
			"to": [1, 21, 15],
			"faces": {
				"north": {"uv": [1.375, 7.375, 1.5, 7.875], "texture": "#0"},
				"east": {"uv": [0, 7.375, 1.375, 7.875], "texture": "#0"},
				"south": {"uv": [2.875, 7.375, 3, 7.875], "texture": "#0"},
				"west": {"uv": [1.5, 7.375, 2.875, 7.875], "texture": "#0"},
				"up": {"uv": [1.5, 7.375, 1.375, 6], "texture": "#0"},
				"down": {"uv": [1.625, 6, 1.5, 7.375], "texture": "#0"}
			}
		}
	]
}