{
    "ambientocclusion": false,
    "textures": {
		"top": "minecraft:block/jungle_door_top_open",
		"filler":"minecraft:block/prismarine_bricks",
        "particle": "minecraft:block/prismarine_bricks"
    },
    "elements": [
        {   "from": [ 0, 0, 0 ],
            "to": [ 3, 16, 16 ],
            "faces": {
                "up":  { "uv": [ 16, 13,  0, 16 ], "texture": "#filler", "cullface": "up", "rotation": 90 },
                "north": { "uv": [  3,  0,  0, 16 ], "texture": "#top", "cullface": "north" },
                "south": { "uv": [  0,  0,  3, 16 ], "texture": "#top", "cullface": "south" },
                "west":  { "uv": [  0,  0, 16, 16 ], "texture": "#top", "cullface": "west" },
                "east":  { "uv": [ 16,  0,  0, 16 ], "texture": "#top" }
            }
        },
		{   "from": [ 16, 0, 16 ],
            "to": [ 0, 16, 13 ],
            "faces": {
                "up":  { "uv": [ 0, 16,  3, 0 ], "texture": "#filler", "cullface": "up", "rotation": 90 },
                "north": { "uv": [  16,  0, 0, 16 ], "texture": "#filler", "cullface": "north" },
                "south": { "uv": [ 0,  0,  16, 16 ], "texture": "#filler", "cullface": "south" }
            }
        }
    ]
}
