{
	"credit": "Made with Blockbench",
	"textures": {
		"0": "block/moss_grass",
		"1": "block/blank_block",
		"2": "block/grass_block_top_green",
		"particle": "block/green_concrete"
	},
	"elements": [
		{
			"from": [-1, -8, -1],
			"to": [17, 1, 17],
			"faces": {
				"north": {"uv": [0, 7, 16, 16], "texture": "#0"},
				"east": {"uv": [0, 7, 16, 16], "texture": "#0"},
				"south": {"uv": [0, 7, 16, 16], "texture": "#0"},
				"west": {"uv": [0, 7, 16, 16], "texture": "#0"},
				"up": {"uv": [0, 0, 16, 16], "texture": "#2"},
				"down": {"uv": [0, 0, 16, 16], "texture": "#1"}
			}
		}
	],
	"display": {}
}