{
	"credit": "Made with Blockbench",
	"parent": "block/block",
	"textures": {
		"particle": "block/mycelium_top",
		"bottom": "block/mycelium_top",
		"top": "block/mycelium_top_mushroomshadow",
		"side": "block/mycelium_side",
		"flower": "block/mycelium_top_mushroom2"
	},
	"elements": [
		{
			"from": [0, 0, 0],
			"to": [16, 16, 16],
			"faces": {
				"north": {"uv": [0, 0, 16, 16], "texture": "#side", "cullface": "north"},
				"east": {"uv": [0, 0, 16, 16], "texture": "#side", "cullface": "east"},
				"south": {"uv": [0, 0, 16, 16], "texture": "#side", "cullface": "south"},
				"west": {"uv": [0, 0, 16, 16], "texture": "#side", "cullface": "west"},
				"up": {"uv": [0, 0, 16, 16], "texture": "#top", "cullface": "up"},
				"down": {"uv": [0, 0, 16, 16], "texture": "#bottom", "cullface": "down"}
			}
		},
		{
			"from": [7, 16.7, 5],
			"to": [9, 16.7, 11],
			"faces": {
				"north": {"uv": [8, 8, 7, 8], "texture": "#flower"},
				"east": {"uv": [8, 8, 8, 8], "texture": "#flower"},
				"south": {"uv": [8, 8, 7, 8], "texture": "#flower"},
				"west": {"uv": [8, 8, 8, 8], "texture": "#flower"},
				"up": {"uv": [7, 5, 9, 11], "texture": "#flower"},
				"down": {"uv": [7, 5, 9, 11], "texture": "#flower", "cullface": "down"}
			}
		},
		{
			"from": [9, 16.7, 6],
			"to": [10, 16.7, 10],
			"faces": {
				"north": {"uv": [8, 8, 7, 7], "texture": "#flower"},
				"east": {"uv": [8, 8, 7, 7], "texture": "#flower"},
				"south": {"uv": [8, 8, 7, 7], "texture": "#flower"},
				"west": {"uv": [8, 8, 7, 7], "texture": "#flower"},
				"up": {"uv": [9, 6, 10, 10], "texture": "#flower"},
				"down": {"uv": [9, 6, 10, 10], "texture": "#flower", "cullface": "down"}
			}
		},
		{
			"from": [6, 16.7, 6],
			"to": [7, 16.7, 10],
			"faces": {
				"north": {"uv": [8, 8, 7, 7], "texture": "#flower"},
				"east": {"uv": [8, 8, 7, 7], "texture": "#flower"},
				"south": {"uv": [8, 8, 7, 7], "texture": "#flower"},
				"west": {"uv": [8, 8, 7, 7], "texture": "#flower"},
				"up": {"uv": [6, 6, 7, 10], "texture": "#flower"},
				"down": {"uv": [6, 6, 7, 10], "texture": "#flower", "cullface": "down"}
			}
		},
		{
			"from": [5, 16.7, 7],
			"to": [6, 16.7, 9],
			"faces": {
				"north": {"uv": [8, 8, 7, 7], "texture": "#flower"},
				"east": {"uv": [8, 8, 7, 7], "texture": "#flower"},
				"south": {"uv": [8, 8, 7, 7], "texture": "#flower"},
				"west": {"uv": [8, 8, 7, 7], "texture": "#flower"},
				"up": {"uv": [5, 7, 6, 9], "texture": "#flower"},
				"down": {"uv": [5, 7, 6, 9], "texture": "#flower", "cullface": "down"}
			}
		},
		{
			"from": [10, 16.7, 7],
			"to": [11, 16.7, 9],
			"faces": {
				"north": {"uv": [8, 8, 7, 7], "texture": "#flower"},
				"east": {"uv": [8, 8, 7, 7], "texture": "#flower"},
				"south": {"uv": [8, 8, 7, 7], "texture": "#flower"},
				"west": {"uv": [8, 8, 7, 7], "texture": "#flower"},
				"up": {"uv": [10, 7, 11, 9], "texture": "#flower"},
				"down": {"uv": [10, 7, 11, 9], "texture": "#flower", "cullface": "down"}
			}
		}
	]
}