{
	"credit": "Made with Blockbench",
	"texture_size": [64, 64],
	"textures": {
		"0": "block/sniffer_egg",
		"particle": "block/sniffer_egg_part"
	},
	"elements": [
		{
			"from": [1, 0, 2],
			"to": [15, 16, 14],
			"faces": {
				"north": {"uv": [3, 3, 6.5, 7], "texture": "#0"},
				"east": {"uv": [0, 3, 3, 7], "texture": "#0"},
				"south": {"uv": [9.5, 3, 13, 7], "texture": "#0"},
				"west": {"uv": [6.5, 3, 9.5, 7], "texture": "#0"},
				"up": {"uv": [6.5, 3, 3, 0], "texture": "#0"},
				"down": {"uv": [10, 0, 6.5, 3], "texture": "#0"}
			}
		}
	]
}