{
	"credit": "Made with Blockbench",
	"textures": {
		"particle": "#texture"
	},
	"elements": [
		{
			"name": "l1",
			"from": [14, 3, 7],
			"to": [16, 14, 9],
			"faces": {
				"north": {"uv": [10, 2, 12, 13], "texture": "#texture"},
				"east": {"uv": [5, 2, 7, 13], "texture": "#texture"},
				"south": {"uv": [10, 2, 12, 13], "texture": "#texture"},
				"west": {"uv": [5, 2, 7, 13], "texture": "#texture"},
				"up": {"uv": [15, 15, 16, 16], "rotation": 180, "texture": "#texture"},
				"down": {"uv": [15, 15, 16, 16], "texture": "#texture"}
			}
		},
		{
			"name": "l4",
			"from": [14, 4, 13],
			"to": [16, 13, 15],
			"faces": {
				"north": {"uv": [5, 7, 7, 16], "texture": "#texture"},
				"east": {"uv": [4, 7, 6, 16], "texture": "#texture"},
				"south": {"uv": [5, 7, 7, 16], "texture": "#texture"},
				"west": {"uv": [5, 7, 7, 16], "texture": "#texture"},
				"up": {"uv": [15, 15, 16, 16], "rotation": 90, "texture": "#texture"},
				"down": {"uv": [15, 15, 16, 16], "rotation": 90, "texture": "#texture"}
			}
		},
		{
			"name": "l3",
			"from": [14, 4, 9],
			"to": [16, 7, 13],
			"faces": {
				"north": {"uv": [0, 0, 0, 0], "texture": "#texture"},
				"east": {"uv": [12, 2, 16, 5], "texture": "#texture"},
				"south": {"uv": [0, 0, 0, 0], "texture": "#texture"},
				"west": {"uv": [12, 2, 16, 5], "texture": "#texture"},
				"up": {"uv": [12, 6, 16, 8], "rotation": 270, "texture": "#texture"},
				"down": {"uv": [12, 6, 16, 8], "rotation": 90, "texture": "#texture"}
			}
		},
		{
			"name": "l2",
			"from": [14, 10, 9],
			"to": [16, 13, 13],
			"faces": {
				"north": {"uv": [0, 0, 0, 0], "texture": "#texture"},
				"east": {"uv": [12, 2, 16, 5], "texture": "#texture"},
				"south": {"uv": [0, 0, 0, 0], "texture": "#texture"},
				"west": {"uv": [12, 2, 16, 5], "texture": "#texture"},
				"up": {"uv": [15, 15, 16, 16], "rotation": 90, "texture": "#texture"},
				"down": {"uv": [15, 15, 16, 16], "rotation": 90, "texture": "#texture"}
			}
		},
		{
			"name": "r1",
			"from": [0, 3, 7],
			"to": [2, 14, 9],
			"rotation": {"angle": 0, "axis": "y", "origin": [16, 0, 0]},
			"faces": {
				"north": {"uv": [12, 2, 10, 13], "texture": "#texture"},
				"east": {"uv": [7, 2, 5, 13], "texture": "#texture"},
				"south": {"uv": [12, 2, 10, 13], "texture": "#texture"},
				"west": {"uv": [7, 2, 5, 13], "texture": "#texture"},
				"up": {"uv": [16, 15, 15, 16], "rotation": 180, "texture": "#texture"},
				"down": {"uv": [16, 15, 15, 16], "texture": "#texture"}
			}
		},
		{
			"name": "r4",
			"from": [0, 4, 13],
			"to": [2, 13, 15],
			"rotation": {"angle": 0, "axis": "y", "origin": [16, 0, 0]},
			"faces": {
				"north": {"uv": [7, 7, 5, 16], "texture": "#texture"},
				"east": {"uv": [7, 7, 5, 16], "texture": "#texture"},
				"south": {"uv": [7, 7, 5, 16], "texture": "#texture"},
				"west": {"uv": [6, 7, 4, 16], "texture": "#texture"},
				"up": {"uv": [16, 15, 15, 16], "rotation": 270, "texture": "#texture"},
				"down": {"uv": [16, 15, 15, 16], "rotation": 270, "texture": "#texture"}
			}
		},
		{
			"name": "r3",
			"from": [0, 4, 9],
			"to": [2, 7, 13],
			"rotation": {"angle": 0, "axis": "y", "origin": [16, 0, 0]},
			"faces": {
				"north": {"uv": [0, 0, 0, 0], "texture": "#texture"},
				"east": {"uv": [16, 2, 12, 5], "texture": "#texture"},
				"south": {"uv": [0, 0, 0, 0], "texture": "#texture"},
				"west": {"uv": [16, 2, 12, 5], "texture": "#texture"},
				"up": {"uv": [16, 6, 12, 8], "rotation": 90, "texture": "#texture"},
				"down": {"uv": [16, 6, 12, 8], "rotation": 270, "texture": "#texture"}
			}
		},
		{
			"name": "r2",
			"from": [0, 10, 9],
			"to": [2, 13, 13],
			"rotation": {"angle": 0, "axis": "y", "origin": [16, 0, 0]},
			"faces": {
				"north": {"uv": [0, 0, 0, 0], "texture": "#texture"},
				"east": {"uv": [16, 2, 12, 5], "texture": "#texture"},
				"south": {"uv": [0, 0, 0, 0], "texture": "#texture"},
				"west": {"uv": [16, 2, 12, 5], "texture": "#texture"},
				"up": {"uv": [16, 15, 15, 16], "rotation": 270, "texture": "#texture"},
				"down": {"uv": [16, 15, 15, 16], "rotation": 270, "texture": "#texture"}
			}
		}
	]
}