{
	"credit": "Made with Blockbench",
	"parent": "block/block",
	"textures": {
		"particle": "#texture"
	},
	"elements": [
		{
			"name": "l1",
			"from": [14, 3, 7],
			"to": [16, 14, 9],
			"faces": {
				"north": {"uv": [10, 2, 12, 13], "texture": "#texture"},
				"east": {"uv": [5, 2, 7, 13], "texture": "#texture"},
				"south": {"uv": [10, 2, 12, 13], "texture": "#texture"},
				"west": {"uv": [5, 2, 7, 13], "texture": "#texture"},
				"up": {"uv": [15, 15, 16, 16], "rotation": 180, "texture": "#texture"},
				"down": {"uv": [15, 15, 16, 16], "texture": "#texture"}
			}
		},
		{
			"name": "r2",
			"from": [2, 10, 7],
			"to": [6, 13, 9],
			"rotation": {"angle": 0, "axis": "y", "origin": [16, 0, 0]},
			"faces": {
				"north": {"uv": [16, 2, 12, 5], "texture": "#texture"},
				"east": {"uv": [0, 0, 0, 0], "texture": "#texture"},
				"south": {"uv": [16, 2, 12, 5], "texture": "#texture"},
				"west": {"uv": [0, 0, 0, 0], "texture": "#texture"},
				"up": {"uv": [16, 15, 15, 16], "rotation": 180, "texture": "#texture"},
				"down": {"uv": [16, 15, 15, 16], "texture": "#texture"}
			}
		},
		{
			"name": "r3",
			"from": [2, 4, 7],
			"to": [6, 7, 9],
			"rotation": {"angle": 0, "axis": "y", "origin": [16, 0, 0]},
			"faces": {
				"north": {"uv": [16, 2, 12, 5], "texture": "#texture"},
				"east": {"uv": [0, 0, 0, 0], "texture": "#texture"},
				"south": {"uv": [16, 2, 12, 5], "texture": "#texture"},
				"west": {"uv": [0, 0, 0, 0], "texture": "#texture"},
				"up": {"uv": [16, 6, 12, 8], "texture": "#texture"},
				"down": {"uv": [16, 6, 12, 8], "texture": "#texture"}
			}
		},
		{
			"name": "r4",
			"from": [6, 4, 7],
			"to": [8, 13, 9],
			"rotation": {"angle": 0, "axis": "y", "origin": [16, 0, 0]},
			"faces": {
				"north": {"uv": [7, 7, 5, 16], "texture": "#texture"},
				"east": {"uv": [7, 7, 5, 16], "texture": "#texture"},
				"south": {"uv": [6, 7, 4, 16], "texture": "#texture"},
				"west": {"uv": [7, 7, 5, 16], "texture": "#texture"},
				"up": {"uv": [16, 15, 15, 16], "rotation": 180, "texture": "#texture"},
				"down": {"uv": [16, 15, 15, 16], "texture": "#texture"}
			}
		},
		{
			"name": "r1",
			"from": [0, 3, 7],
			"to": [2, 14, 9],
			"rotation": {"angle": 0, "axis": "y", "origin": [16, 0, 0]},
			"faces": {
				"north": {"uv": [12, 2, 10, 13], "texture": "#texture"},
				"east": {"uv": [7, 2, 5, 13], "texture": "#texture"},
				"south": {"uv": [12, 2, 10, 13], "texture": "#texture"},
				"west": {"uv": [7, 2, 5, 13], "texture": "#texture"},
				"up": {"uv": [16, 15, 15, 16], "rotation": 180, "texture": "#texture"},
				"down": {"uv": [16, 15, 15, 16], "texture": "#texture"}
			}
		},
		{
			"name": "l4",
			"from": [8, 4, 7],
			"to": [10, 13, 9],
			"faces": {
				"north": {"uv": [5, 7, 7, 16], "texture": "#texture"},
				"east": {"uv": [5, 7, 7, 16], "texture": "#texture"},
				"south": {"uv": [4, 7, 6, 16], "texture": "#texture"},
				"west": {"uv": [5, 7, 7, 16], "texture": "#texture"},
				"up": {"uv": [15, 15, 16, 16], "rotation": 180, "texture": "#texture"},
				"down": {"uv": [15, 15, 16, 16], "texture": "#texture"}
			}
		},
		{
			"name": "l3",
			"from": [10, 4, 7],
			"to": [14, 7, 9],
			"faces": {
				"north": {"uv": [12, 2, 16, 5], "texture": "#texture"},
				"east": {"uv": [0, 0, 0, 0], "texture": "#texture"},
				"south": {"uv": [12, 2, 16, 5], "texture": "#texture"},
				"west": {"uv": [0, 0, 0, 0], "texture": "#texture"},
				"up": {"uv": [12, 6, 16, 8], "texture": "#texture"},
				"down": {"uv": [12, 6, 16, 8], "texture": "#texture"}
			}
		},
		{
			"name": "l2",
			"from": [10, 10, 7],
			"to": [14, 13, 9],
			"faces": {
				"north": {"uv": [12, 2, 16, 5], "texture": "#texture"},
				"east": {"uv": [0, 0, 0, 0], "texture": "#texture"},
				"south": {"uv": [12, 2, 16, 5], "texture": "#texture"},
				"west": {"uv": [0, 0, 0, 0], "texture": "#texture"},
				"up": {"uv": [15, 15, 16, 16], "rotation": 180, "texture": "#texture"},
				"down": {"uv": [15, 15, 16, 16], "texture": "#texture"}
			}
		}
	],
	"display": {
		"gui": {
			"rotation": [30, 45, 0],
			"translation": [0, -1, 0],
			"scale": [0.8, 0.8, 0.8]
		},
		"head": {
			"translation": [0, -3, -6]
		}
	}
}