{
    "ambientocclusion": false,
    "textures": {
        "particle": "block/vine",
        "vine": "block/vine",
		"overlay":"block/vine_overlay"
    },
    "elements": [
        {   "from": [ 0, 0, 0.8 ],
            "to": [ 16, 16, 0.8 ],
            "shade": false,
            "faces": {
                "north": { "uv": [ 16, 0, 0, 16 ], "texture": "#vine", "tintindex": 0 },
                "south": { "uv": [ 0, 0, 16, 16 ], "texture": "#vine", "tintindex": 0 }
            }
        },
		{   "from": [ 0, 0, 0.8 ],
            "to": [ 16, 16, 0.8 ],
            "shade": false,
            "faces": {
                "north": { "uv": [ 16, 0, 0, 16 ], "texture": "#overlay"},
                "south": { "uv": [ 0, 0, 16, 16 ], "texture": "#overlay"}
            }
        }
    ]
}
