{
	"credit": "Made with Blockbench",
	"textures": {
		"1": "block/deepslate_bricks",
		"particle": "block/deepslate_wall"
	},
	"elements": [
		{
			"from": [3, 0, 0],
			"to": [13, 16, 16],
			"rotation": {"angle": 0, "axis": "y", "origin": [0, 0, 16]},
			"faces": {
				"north": {"uv": [13, 0, 3, 16], "texture": "#1"},
				"east": {"uv": [0, 0, 16, 16], "texture": "#1"},
				"south": {"uv": [13, 0, 3, 16], "texture": "#1"},
				"west": {"uv": [0, 0, 16, 16], "texture": "#1"},
				"up": {"uv": [3, 16, 13, 0], "rotation": 180, "texture": "#1"},
				"down": {"uv": [3, 16, 13, 0], "texture": "#1"}
			}
		}
	]
}