{
	"credit": "Made with Blockbench",
	"textures": {
		"0": "block/deepslate_wall",
		"1": "block/deepslate_bricks",
		"2": "block/deepslate_wall_2",
		"particle": "block/deepslate_wall"
	},
	"elements": [
		{
			"from": [0, 0, 3],
			"to": [16, 9, 13],
			"faces": {
				"north": {"uv": [16, 7, 0, 16], "texture": "#2"},
				"east": {"uv": [3, 7, 13, 16], "texture": "#1"},
				"south": {"uv": [0, 7, 16, 16], "texture": "#0"},
				"west": {"uv": [3, 7, 13, 16], "texture": "#1"},
				"up": {"uv": [0, 3, 16, 13], "texture": "#1"},
				"down": {"uv": [3, 0, 13, 16], "rotation": 270, "texture": "#1"}
			}
		},
		{
			"from": [11, 9, 3],
			"to": [16, 16, 13],
			"faces": {
				"north": {"uv": [16, 0, 11, 7], "texture": "#2"},
				"east": {"uv": [3, 0, 13, 7], "texture": "#1"},
				"south": {"uv": [11, 0, 16, 7], "texture": "#0"},
				"west": {"uv": [3, 0, 13, 7], "texture": "#1"},
				"up": {"uv": [11, 3, 16, 13], "texture": "#1"},
				"down": {"uv": [0, 8, 5, 16], "rotation": 180, "texture": "#0"}
			}
		},
		{
			"from": [0, 9, 3],
			"to": [4, 16, 13],
			"faces": {
				"north": {"uv": [4, 0, 0, 7], "texture": "#2"},
				"east": {"uv": [3, 0, 13, 7], "texture": "#1"},
				"south": {"uv": [0, 0, 4, 7], "texture": "#0"},
				"west": {"uv": [3, 0, 13, 7], "texture": "#1"},
				"up": {"uv": [0, 3, 4, 13], "texture": "#1"},
				"down": {"uv": [0, 8, 4, 16], "rotation": 180, "texture": "#0"}
			}
		}
	]
}